<?xml version="1.0" encoding="UTF-8"?>
<beans xmlns="http://www.springframework.org/schema/beans"
    xmlns:xsi="http://www.w3.org/2001/XMLSchema-instance"
    xmlns:context="http://www.springframework.org/schema/context"
    xsi:schemaLocation="http://www.springframework.org/schema/beans https://www.springframework.org/schema/beans/spring-beans.xsd 
    http://www.springframework.org/schema/context https://www.springframework.org/schema/context/spring-context.xsd">
    
    <!-- Root Context: defines shared resources visible to all other web components -->
    <bean id="SqlSessionFactoryBean" class="org.mybatis.spring.SqlSessionFactoryBean">
        <property name="dataSource" ref="dataSource" />
        <property name="configLocation" value="/WEB-INF/mybatis/config.xml"/>
        <property name="mapperLocations" value="classpath:kr/ms/mybatis/*.xml" />
    </bean>

    <bean id="dataSource" class="org.springframework.jdbc.datasource.SimpleDriverDataSource">
        <property name="driverClass" value="${driver}"  />
        <property name="url" value="${url}" />
        <property name="username" value="${username}" />
        <property name="password" value="${password}" />
    </bean>
    
    <bean class="org.springframework.beans.factory.config.PropertyPlaceholderConfigurer" >
        <property name="locations" value="/WEB-INF/mybatis/db.properties" />
    </bean>
    
    <context:component-scan base-package="kr.ms.model" />
</beans>